Augenklinik Dr. Hoffmann,0, 5Â Sterne ,vor einer Woche,GefÃ¤llt mir,Ich wurde sehr zuvorkommend behandelt und hatte tatsÃ¤chlich Ã¼berhaupt keine Wartezeiten. Auch der Eingriff selbst war ohne Komplikationen und Nachwirkungen. Sehr freundliches Personal!  und gute AufklÃ¤rung von Ã„rzten. Kann nur weiter empfehlen.;;
"Augenklinik Dr. Hoffmann,0, 5Â Sterne ,vor 2 Monaten,GefÃ¤llt mir,""Ich war bereits aufgrund von NotfÃ¤llen   in der Augenklinik von DR. Hoffmann und habe nur beste Erfahrungen gesammelt.";;
;;
Heute war ich selbst an der Reihe und hatte einen Notfall, da ich spitzen und scharfen Splitter ins auge bekommen hatte. Ich wurde bereits am telefon bestens beraten und aufgefordert schnellstmÃ¶glichst zu kommen.;;
;;
Alles fand unter erstklassigen corona schutzbedingungen statt und die Sprechstunden waren sehr freundlich. Ich musste zwar ein wenig warten, doch ich wurde stets informiert, wann es so weit sein wÃ¼rde.;;
;;
"Diesmal wurde ich von einer freundlichen und hÃ¼bschen Ã„rztin behandelt, die einen erstklassigen Job machte.""";;
"Augenklinik Dr. Hoffmann,0, 5Â Sterne ,vor 5 Tagen,GefÃ¤llt mir,""Hier arbeiten Spezialisten. Super kompetent. Alle sind freundlich und nehmen sich die Zeit, die wir Patienten brauchen. Jederzeit wieder!""";;
Augenklinik Dr. Hoffmann,0, 5Â Sterne ,vor einem Monat,GefÃ¤llt mir,Ich wurde sehr zuvorkommend behandelt und hatte tatsÃ¤chlich Ã¼berhaupt keine Wartezeiten. Auch der Eingriff selbst war ohne Komplikationen und Nachwirkungen. Ich kann nur gutes berichten.;;
"Augenklinik Dr. Hoffmann,0, 5Â Sterne ,vor einer Woche,GefÃ¤llt mir,""ZunÃ¤chst erst einmal gibt es ein ganz tolles Vorbereitunsperdonal. Die Ã„rztinnen und Ã„rzte haben nochmals genau erklÃ¤rt, was sie tun wollen. Nach der OP gute Nachsorge. Sehr zufrieden.""";;
"Augenklinik Dr. Hoffmann,0, 5Â Sterne ,vor einem Monat,GefÃ¤llt mir,""Sehr gute Klinik und ich habe kaum Wartezeit erlebt, obwohl viele sich darÃ¼ber beschweren! Richtig freundliches Personal und gute AufklÃ¤rung von Ã„rzten. Kann nur weiter empfehlen.""";;
"Augenklinik Dr. Hoffmann,0, 5Â Sterne ,vor 4 Tagen,GefÃ¤llt mir,""So muss sich mein Jaguar in seiner Werkstatt fÃ¼hlen: perfekt organisiert, sehr freundlich, kompetente Fachleute, da kann man auch Ã¼ber die geringe Empathie hinwegsehen, der Jaguar wird ja auch nicht bedauert und gestreicheltğŸ˜ğŸ˜""";;
Augenklinik Dr. Hoffmann,0, 5Â Sterne ,vor 3 Wochen,GefÃ¤llt mir,Die Betreuung und Versorgung vor und nach der OP (grauer Star) war hervorragend. Das Ergebnis hat all meine Erwartungen bis jetzt Ã¼bertroffen. Ich wÃ¼rde bei Bedarf jederzeit wieder die Augenklinik Dr. Hoffmann wÃ¤hlen.;;
Augenklinik Dr. Hoffmann,0, 5Â Sterne ,vor einem Monat,GefÃ¤llt mir,Sehr gute Klinik und freundliches Personal! FÃ¼hle mich hier richtig gut aufgehoben. Immer gute AufklÃ¤rung und kompetente Hilfe.;;
"Augenklinik Dr. Hoffmann,0, 5Â Sterne ,vor 3 Monaten,1,""Da ich telefonisch keinen Kontakt bekam,, begab ich mich persÃ¶nlich zur Sprechstunde. Ich kam als â€Notfallâ€œ am Freitag kurz vor dem Wochenende.Das Team war sehr freundlich, ich wurde grÃ¼ndlich untersucht und auch der Arzt war sehr kompetent und fÃ¼hrte den kleinen Eingriff schmerzfrei durch.Obwohl relativ viele Patienten noch vor Ort waren, verlief der gesamte Aufenthalt Ã¤uÃŸerst koordiniert und sehr schnell. Gern wieder beim nÃ¤chsten Problem ğŸ‘""";;
"Augenklinik Dr. Hoffmann,0, 5Â Sterne ,vor 5 Monaten,GefÃ¤llt mir,""Ich war bisher 2 mal in der Augenklinik in der Sprechstunde. Ich fÃ¼hlte mich bisher beide male dort gut aufgehoben und beraten. Alle Mitarbeiter dort waren freundlich, trotz dass viel los war. Auch die AugenÃ¤rztin die mich untersucht hat war Top. Ich wÃ¼rde grÃ¼ndlich untersucht. Ich werde weiterhin zur Augenklinik gehen. Mit Bus und StraÃŸenbahn gut zu erreichen.""";;
"Augenklinik Dr. Hoffmann,0, 4Â Sterne ,vor einem Monat,GefÃ¤llt mir,""Gute Behandlung";" kaum Wartezeiten. Etwas unruhiger/enger OP-Bereich, aber alles sehr professionell.""";
"Augenklinik Dr. Hoffmann,0, 5Â Sterne ,vor einem Monat,GefÃ¤llt mir,""Mit diesen Zeilen mÃ¶chte sich meine Frau herzlich bedanken. Dass Erste was sie sagte war, dass sie seit langer Zeit wieder so einen blauen Himmel sah !""";;
"Augenklinik Dr. Hoffmann,0, 5Â Sterne ,vor einem Monat,GefÃ¤llt mir,""Hallo zusammen,";;
"die Sehschule in Ihrer Klinik, ist sehr kompetent und sehr nett im Umgang der Patientin und Patienten. Ein Lob einmal fÃ¼r Frau Behrends! Vielen Lieben Dank fÃ¼r Ihre MÃ¼he.""";;
Augenklinik Dr. Hoffmann,0, 5Â Sterne ,vor 7 Monaten,GefÃ¤llt mir,Ich war letzte Woche mit meinem Sohn (4) dort gewesen und diesmal auch mit Termin und es ging alles sehr zÃ¼gig.. Schneller als gedacht.. Wirklich freundliches Personal auch in Bezug auf meinen kleinen...Er  hat sich echt wohl gefÃ¼hlt.. Kein Theater und hat alles mitgemacht und das alles trotz der aktuellen Situation..Wir waren vor ca 2 Jahren auch schon mal da..damals in der offenen Sprechstunde aber auch da waren Wartezeiten voll im Rahmen..Kann die Augenklinik nur empfehlen.. Weiter so;;
"Augenklinik Dr. Hoffmann,0, 5Â Sterne ,vor 6 Tagen,GefÃ¤llt mir,""Rundum sehr zufrieden, mit em Ablauf und der Betreuung.";;
Vielen Dank fÃ¼r das BrÃ¶tchen und den Kaffee danach.;;
"Bleiben Sie alle gesund. Mit einem frohen """"GlÃ¼ck Auf"""" aus Clausthal-Zellerfeld, Gunter Krause""";;
"Augenklinik Dr. Hoffmann,0, 5Â Sterne ,vor 2 Monaten,GefÃ¤llt mir,""Gesamtes Team sehr nett und aufmerksam.";;
"Auf meine BedÃ¼rfnisse mit VerstÃ¤ndnis eingegangen und mir zur Seite gestanden.""";;
"Augenklinik Dr. Hoffmann,0, 5Â Sterne ,vor 6 Monaten,GefÃ¤llt mir,""Die Augenklinik Dr. Hoffmann ist nur zu empfehlen. Es gab bei meinen Besuchen und meiner OP keine Komplikationen oder lÃ¤ngere Wartezeiten. Alle Mitarbeiter sind sehr nett. Es sind zwar immer viele Patienten vor Ort, aber es ist ein guter und schneller Ablauf!""";;
"Augenklinik Dr. Hoffmann,0, 1Â Stern ,vor 6 Monaten,1,""MUTTER WIRD RAUSGESCHMISSEN WEGEN MANGEL AN BETREUUNG.";;
;;
Durch die ganze Corona krise war das Personal der Meinung mich trotz Termin nicht meinen Termin wahrnehmen lassen zu kÃ¶nnen. Ich war mit meiner Tochter dort, weshalb sie mich nicht reingelassen haben. sie waren der Meinung das Kind kÃ¶nnte nicht alleine drauÃŸen warten und dÃ¼rfte auch nicht mit reinkommen.;;
"Meine Tochter hat noch keinen kitaplatz deshalb ich sie auch nicht abgeben konnte. Meine anfahrtszeit betrÃ¤gt ca anderthalb Stunden und dies alles umsonst.""";;
"Augenklinik Dr. Hoffmann,0, 5Â Sterne ,vor einem Monat,GefÃ¤llt mir,""Guten Tag liebes Op Team ! Ich bin wirklich richtig zufrieden   Mein erstes Auge wurde sehr gut operiert und nun das zweite auch hier , sehr gut. Trotz Wartezeit, aber wir wurden nett unterhalten im Vorraum zum Operationssaal. Sehr nette Schwestern und der lustige AnÃ¤sthesiepfleger Alexander haben mir die Angst  genommen. Weiterhin ist die AnÃ¤sthesistin zu erwÃ¤hnen , Frau Wegener? Ich habe leider den Namen vergessen. So aufmerksam und zugewandt, das habe ich in meiner Krankheitslaufbahn, sehr selten erlebt. Wirklich sehr sehr nett. Auch die Schwestern im Wartezimmer waren wirklich nett. Operiert hat mich Dr. Geck, es gab auch wÃ¤hrend der Op noch lustige Kommentare! Vielen lieben Dank.";;
"Was vielleicht noch wichtig ist , an beiden Tagen gab es nach der Operation etwas zu essen. Auch hier : lecker und gut. Vielen Dank fÃ¼r ihre Arbeit.""";;
"Augenklinik Dr. Hoffmann,0, 5Â Sterne ,vor 5 Monaten,1,""Ich hatte einen Termin mit meinem 5-jÃ¤hrigen Sohn, mit dessen Behandlung ich bei einem anderen Arzt nicht zufrieden war ( 2 Brillen innerhalb von 3 Monaten, widersprÃ¼chlicher Sehtest... ). Ich bekam recht zÃ¼gig einen Termin, wurde ernst genommen und alle MA waren sehr freundlich. Es hat zwar etwas Wartezeit gekostet, aber mein Sohn wurde sehr sehr grÃ¼ndlich untersucht ( und braucht auch keine Brille mehr ).""";;
"Augenklinik Dr. Hoffmann,0, 5Â Sterne ,vor einem Monat,GefÃ¤llt mir,""Nettes und freundliches Personal, nach kurzem Eingriff kann ich wieder alles in HD sehen.";;
"Vielen dank!!!!""";;
"Augenklinik Dr. Hoffmann,0, 5Â Sterne ,vor 2 Monaten,GefÃ¤llt mir,""Ich habe an beiden Augen die natÃ¼rliche Linse durch Bi-Fokale-Linsen ersetzen lassen.";;
In der Augenklinik wurde ich sehr professionell beraten.;;
"Die OP verlief sehr unkompliziert und problemlos. Das Personal ist sehr freundlich. Ich bin rundum zufrieden.""";;
Augenklinik Dr. Hoffmann,0, 5Â Sterne ,vor 5 Monaten,GefÃ¤llt mir,Ich habe mich stets gut beraten gefÃ¼hlt. Das Personal war Ã¤uÃŸerst zuvorkommend und freundlich. Ich wÃ¼rde meine OP jederzeit weiterempfehlen. Tolles Team.;;
"Augenklinik Dr. Hoffmann,0, 5Â Sterne ,vor einem Monat,1,""Sehr geehrte Damen und Herren,";;
;;
am 11.11.2020 besuchte ich Ihre Klinik auf Empfehlung meines Augenarztes Dr. Geiger, WF, um meine Augen untersuchen zu lassen; als ich das volle Wartezimmer sah, rechnete ich mit mehreren Stunden Wartezeit! Angenehm Ã¼berrascht war ich, als man mich nach 5 Minuten in das Behandlungszimmer rief, wo ich freundlich von den jungen Damen empfangen wurde und nacheinander an diversen GerÃ¤ten untersucht wurde; durch einen Tremor war es mir kaum mÃ¶glich, den Kopf ruhig zu halten, doch auch hier zeigten sich Ihre Mitarbeiterinnen als sehr hilfsbereit! Ein besonderer Dank geht an Frau Walentowski, die mir zum AbschluÃŸ der Untersuchung in verstÃ¤ndlichen Worten erklÃ¤rte, was bei einer Augen-OP geschieht.
;;
Die erste OP war am 27.11 + 28.11.2020;" auch hier wurde ich freundlich von den Schwestern und dem OP- Team empfangen und auf die OP vorbereitet, die dann bereits nach ca`5 Minuten vorbei war, wÃ¤hrend ich immer noch auf`s """"zertrÃ¼mmern und absaugen"""" der alten Linse wartete!!! Der Nachmittag, der Abend und die Nacht bei Ihnen verliefen ruhig.  (Bemerkung: Das Abendbrot war sehr knapp, wurde aber von der Schwester nachgebessert). Am nÃ¤chsten Morgen war die Spannung groÃŸ, als der Verband entfernt Wurde. GroÃŸes Staunen meinerseits: Helles, klares Sehen, wie ich es nicht mehr kannte!";
;;
Am 20.01.2021 erfolgte die 2. OP; hier kann ich es kurz machen: Alle positiven Merkmale der 1. OP trafen auch hier zu!;
;;
"Ich beglÃ¼ckwÃ¼nsche Sie zu diesen Mitarbeiterinnen und Mitarbeitern angrfangen beim Fahrpersonal Ã¼ber die Reinigungskraft, die Schwestern, das OP - Team, den Oberarzt und den Chefarzt und werde meine guten Erfahrungen an meinen Bekannten- und Freundeskreis weitergeben.""";;
"Augenklinik Dr. Hoffmann,0, 5Â Sterne ,vor 8 Monaten,GefÃ¤llt mir,""Zu allererst mÃ¶chte ich sagen das die Organisation trotz Corona sehr gut funktioniert hat. Da kÃ¶nnen sich einige eine Scheibe von abschneiden.";;
Die Beratung durch den Arzt empfand ich als sehr kompetent.;;
Er beantworte alle meine Fragen und wirkte nicht gehetzt. Endlich mal jemand der sich Zeit genommen hat.;;
Die Helferinnen den ich in der Anmeldung, Untersuchung und im Arztzimmer begegnete waren alle sehr freundlich, was mir sehr gefiel.;;
Kann diese Praxis nur weiter empfehlen.;;
"Man merkte insgesamt eine gute Stimmung vor Ort was mir positiv auffiel.""";;
Augenklinik Dr. Hoffmann,0, 5Â Sterne ,vor 7 Monaten,GefÃ¤llt mir,Ich war mit einer EntzÃ¼ndung am Freitag in der offenen Sprechstunde. Klasse wie zÃ¼gig der Ablauf war. Im Eingangsbereich eine junge Frau die mich bat HÃ¤nde zu desinfizieren und weiterleitete zum Wartebereich. Kurze Zeit spÃ¤ter ging es schon zur Ã„rztin. Auch dort sehr freundlich und mir zu gewandt. Hab mich gut aufgehoben gefÃ¼hlt. Wird jetzt meine zukÃ¼nftige Anlaufstelle bei Augenproblemen. Vielen Dank.;;
Augenklinik Dr. Hoffmann,0, 5Â Sterne ,vor 4 Monaten,GefÃ¤llt mir,Sehr gutes und freundliches Personal wÃ¼rde am grauen Star operiert kann wieder ohne Brille wieder hervorragend gucken Danke;;
Augenklinik Dr. Hoffmann,0, 5Â Sterne ,vor 2 Wochen,GefÃ¤llt mir,Sehr gute und persÃ¶nliche Betreuung!;;
"Augenklinik Dr. Hoffmann,0, 5Â Sterne ,vor 3 Monaten,1,""Mein Vater wurde in der Augenklinik aufgrund des grauen Stars erfolgreich behandelt bzw. operiert. Der gesamte Ablauf, Vor - Untersuchung, Beratung und schlussendlich die Operation selbst ist zu unserer vollsten Zufriedenheit verlaufen. Die Mitarbeiter sind allesamt sehr freundlich und es war alles sehr gut organisiert. Auch die gerade erforderlichen, erschwerenden MaÃŸnahmen hinsichtlich Corona werden bestmÃ¶glich und erfolgreich umgesetzt, man fÃ¼hlt sich sehr gut umsorgt. Angeboten wurde auch ein Abholservice zum OP Termin, den wir jedoch nicht in Anspruch genommen haben. Vor Ort wurde dem Patienten bzw. meinem Vater Kaffee und ein kleiner Snack angeboten: Hervorragender, sehr zuvorkommender Service! Besonders positiv in Erinnerung bleiben wird uns auch, daÃŸ man sich am spÃ¤ten Nachmittag nach der Operation nochmal nach dem Befinden meines Vaters erkundigt hat und ob er gut zuhause angekommen war. Hier fÃ¼hlt man sich als Patient bestens beraten und rundum sehr gut aufgehoben!""";;
Augenklinik Dr. Hoffmann,0, 4Â Sterne ,vor 6 Monaten,GefÃ¤llt mir,Kinderfreundliche Ã„rztin und Helferin. Konnte schnell helfen. Mit Kleinkind bei lÃ¤ngeren Wartezeiten wÃ¤re eine spielecke jedoch angenehmer.;;
"Augenklinik Dr. Hoffmann,0, 5Â Sterne ,vor 3 Monaten,GefÃ¤llt mir,""Ich bin Ã¼berzufrieden mit dem Klinikpersonal, die mich in der Woche nach meiner Operation betreuten. Angefangen von dem Personal, dass fÃ¼r die Essensverpflegung und Reinigung der RÃ¤umlichkeiten zustÃ¤ndig war, Ã¼ber das Schwesternpersonal bis hin zur Ã„rztin und Ihrer Assistentin in  der  Untersuchungspraxis kann ich mich Ã¼berhaupt nicht beschweren. Ebenso die AufklÃ¤rung hinsichtlich der notwendigen NarkosemaÃŸnahmen und der Beruhigung wÃ¤hrend der Ã¶rtlichen Narkose sowie bis zum bisherigen Operationsergebnis ist alles zu meiner vollsten Zufriedenheit abgelaufen. Auch von den RÃ¤umlichkeiten, der Hygiene etc. ist alles weit";;
aus besser als in einer allgem. Klinik.;;
Das es keine TV-Schirme auf den einzelnen Zimmern gab, na ja, nach der;;
OP habe ich sowieso kaum etwas mit dem operierten Auge scharf sehen;;
kÃ¶nnen und fÃ¼r Radio hatte ich mein I-Pad dabei.;;
NatÃ¼rlich wird es immer Situationen und Leute geben, die nicht zufrieden sind. Auch ich hatte Positives und Negatives hinsichtlich von Operationen;;
"in dieser Klinik gehÃ¶rt. Aber ich kann dies nicht bestÃ¤tigen. Alle die in meiner Zeit dort operiert wurden und mit denen ich Kontakt hatte, waren zufrieden.""";;
Augenklinik Dr. Hoffmann,0, 1Â Stern ,vor 4 Monaten,GefÃ¤llt mir,Die Klinik ist irgendwie alt und dreckig. Die Arzthelferinnen sehen ungepflegt aus. Aber die Ã„rtze sind nicht schlecht.;;
Augenklinik Dr. Hoffmann,0, 5Â Sterne ,vor 7 Monaten,GefÃ¤llt mir,Wirklich super freundliches Personal! Ich habe mich sehr gut aufgehoben gefÃ¼hlt und auch der Arzt hat sich viel Zeit fÃ¼r mich genommen. Kann ich nur weiter empfehlen! :-);;
"Augenklinik Dr. Hoffmann,0, 5Â Sterne ,vor 7 Monaten,GefÃ¤llt mir,""Ich war wirklich positiv Ã¼berrascht! Nachdem ich gestern bei der offenen Sprechstunde eines anderen Augenarztes sehr enttÃ¤uscht wurde, und die Ã¤lteren Rezensionen bei dieser Augenklinik hier auch nichts allzu gutes versprachen, bin ich mit gemischten GefÃ¼hlen heute morgen hingefahren.";;
;;
Ich war gegen 07:25 da (07:30 beginnt die offene Sprechstunde) und da war auch bereits â€Einlassâ€œ seit ein paar Minuten. Es lief alles sehr gut organisiert ab, man durchlief quasi mehrere Stationen bis man dann am Ende bei der Ã„rztin landete - und alle Mitarbeiterinnen mit denen ich wÃ¤hrenddessen Kontakt hatte waren super nett und hilfsbereit.;;
Insgesamt habe ich am Ende knapp 45 Minuten gewartet, was bei so einer offenen Sprechstunde noch total im Rahmen ist m.M.n. Die Ã„rztin selbst war auch total freundlich und wirkte kompetent. Ich wurde in Ruhe untersucht und mir wurde alles erklÃ¤rt, man hatte absolut nicht das GefÃ¼hl einer Abfertigung (obwohl ich ja keinen Termin hatte).;;
;;
"Letztendlich war ich dann nach ca. 1 Stunde wieder drauÃŸen, habe mich gut beraten und untersucht gefÃ¼hlt (ich war mindestens 15 Minuten bei der Ã„rztin drin wÃ¼rde ich schÃ¤tzen - das ist heutzutage ja schon wirklich viel Zeit, die sich genommen wird!) - also alles besser als gedacht!""";;
"Augenklinik Dr. Hoffmann,0, 1Â Stern ,vor 6 Monaten,GefÃ¤llt mir,""Ich habe an der Klinik nichts auszusetzen, jedoch sind die Wartezeiten einfach zu lange. Selbst fÃ¼r eine Routine Nachuntersuchung sollte man 3-4 Stunden einplanen.""";;
"Augenklinik Dr. Hoffmann,0, 5Â Sterne ,vor 7 Monaten,1,""Ich bin sehr zufrieden. Ich war bereits zwei mal in Behandlung (verschiedene Befunde).";;
Alles sehr angenehm, kompetent und freundlich.;;
;;
"So wÃ¼nscht man sich das!""";;
"Augenklinik Dr. Hoffmann,0, 5Â Sterne ,vor 7 Monaten,GefÃ¤llt mir,""Sehr zu empfehlen!";;
"Ich hab mich zu jeder Zeit gut aufgehoben gefÃ¼hlt und wurde Ã¼ber Behandlungen bestens aufgeklÃ¤rt.""";;
"Augenklinik Dr. Hoffmann,0, 5Â Sterne ,vor 6 Monaten,GefÃ¤llt mir,""Sehr nett und klar erklÃ¤rt.";;
"Ich bin zufrieden. Muss 5 Sterne geben.""";;
Augenklinik Dr. Hoffmann,0, 5Â Sterne ,vor 6 Monaten,GefÃ¤llt mir,Meine Mutter musste an beiden Augen am grauen Star operiert werden und es hat alles bestens geklappt. Sie hat wieder mehr LebensqualitÃ¤t gewonnen.;;
Augenklinik Dr. Hoffmann,0, 5Â Sterne ,vor 9 Monaten,GefÃ¤llt mir,Meine Behandlung verlief ohne Komplikationen. Ich habe mich bereits wÃ¤hrend der Voruntersuchung sehr gut aufgehoben gefÃ¼hlt! WÃ¤hrend meiner OP war immer ein Pfleger/Arzt an meiner Seite.;;
"Augenklinik Dr. Hoffmann,0, 1Â Stern ,vor 8 Monaten,GefÃ¤llt mir,""Die Dame am Telefon sollte man eventuell zum Kacheln zÃ¤hlen ins Badezimmer schicken. Sie ist extrem unhÃ¶flich und respektlos.";;
"Liebe Frau denken sie Ã¼ber einen Job Wechsel nach, es ist nie zu spÃ¤t.""";;
"Augenklinik Dr. Hoffmann,0, 5Â Sterne ,vor 9 Monaten,GefÃ¤llt mir,""Ich kann hier durchweg nur positiv berichten.";;
Sehr nettes Ã„rzteteam, nette Arzthelferinnen, schnelle Terminvergabe, gute Betreuung.;;
Keine Vorabdiagnosen ohne genÃ¼gend Befunde. Ohne die Vorbehandlung hÃ¤tte die Behandlung im KH sicherlich noch lÃ¤nger gedauert.;;
"Das einige was es zu â€bemÃ¤ngelnâ€œ gÃ¤be sind die eigentlich nicht vorhandenen ParkplÃ¤tze. Aber sonst alles Top! Weiterzuempfehlen!""";;
"Augenklinik Dr. Hoffmann,0, 5Â Sterne ,vor 8 Monaten,1,""Ich habe mich sehr aufgehoben gefÃ¼hlt, und wurde absolut kompetent und freundlich beraten.";;
;;
"Wird stets weiter empfohlen ğŸ¾""";;
Augenklinik Dr. Hoffmann,0, 1Â Stern ,vor 6 Monaten,GefÃ¤llt mir,Es ist zur Zeit von corona verstÃ¤ndlich das man nicht die ganze zeit zu 2 im wartezimmer platz nehmen darf.. das man hier aber seit fast 4 stunden vor der TÃ¼r in einem Zelt sitzt wo die heizstrahler nicht gehen ist eine absolute Frechheit! Und man dann noch raus geschmissen wird Weil man sich mal 10 Minuten aufwÃ¤rmt;;
"Augenklinik Dr. Hoffmann,0, 5Â Sterne ,vor 9 Monaten,1,""Ich bin vor einigen Jahren mit einer NetzhautablÃ¶sung in die augenklinik gegangen, es wurde sehr schnell und absolut professionell operiert.";;
"Seit dem bin ich zu der regelmÃ¤ÃŸigen Kontrolle und Behandlung dort! Nach wie vor immer zufrieden!""";;
Augenklinik Dr. Hoffmann,0, 1Â Stern ,vor 6 Monaten,GefÃ¤llt mir,Die Informationen auf der Website sind falsch. Ich bin um 9:00 Uhr wegen eines Notfalls hingefahren und wurde von einer sehr unfreundlichen Sprechstundenhilfe angewiesen. Ohne einen Termin gehe garnichts. Auch nicht bei NotfÃ¤llen.;;
"Augenklinik Dr. Hoffmann,0, 5Â Sterne ,vor 8 Monaten,GefÃ¤llt mir,""Freundliches Team! Die offene Sprechstunde ist eine tolle Sache. Man kommt zwar nicht sofort dran, aber das Warten lohnt sich.""";;
"Augenklinik Dr. Hoffmann,0, 1Â Stern ,vor 6 Tagen,GefÃ¤llt mir,""Schon am Telefon super unfreundlich.";;
Zu mehr ist und wird es nicht mehr kommen.;;
;;
6 Monate spÃ¤ter wird nun versucht meine Rezension zu lÃ¶schen da Ich angeblich ein Fake Acc wÃ¤re. Vllt sollten sie einfach mal die unfreundliche Dame zur Rechenschaft ziehen.;;
;;
"Wie gesagt kein Fake acc und diese Situation war wirklich nicht schÃ¶n.""";;
"Augenklinik Dr. Hoffmann,0, 5Â Sterne ,vor 7 Monaten,GefÃ¤llt mir,""Nette Mitarbeiter und Ã„rzte.";;
"Augen OP super geklappt und zuvor gute AufklÃ¤rung Ã¼ber den Verlauf der OP.""";;
Augenklinik Dr. Hoffmann,0, 5Â Sterne ,vor 9 Monaten,1,Super nette und freundliche Arzthelferinnen und kompetente Ã„rzte. Ich fÃ¼hlte mich sehr wohl und gut aufgehoben :);;
Augenklinik Dr. Hoffmann,0, 5Â Sterne ,vor 8 Monaten,GefÃ¤llt mir,Tolle Augenklinik mit kompetenten und freundlichem Personal. Ich habe mich dort sehr wohl gefÃ¼hlt und kann diese Augenklinik absolut jedem empfehlen.;;
"Augenklinik Dr. Hoffmann,0, 4Â Sterne ,vor 8 Monaten,GefÃ¤llt mir,""Sehr ordentlich organisiert, sehr freundlich und man wird Ã¼ber alles vernÃ¼nftig aufgeklÃ¤rt.""";;
"Augenklinik Dr. Hoffmann,0, 5Â Sterne ,vor 7 Monaten,GefÃ¤llt mir,""Hervorragende Organisation und sehr freundliche, kompetente Mitarbeiter""";;
"Augenklinik Dr. Hoffmann,0, 5Â Sterne ,vor 8 Monaten,1,""Sehr gute Erfahrungen, fÃ¼hle mich dort sehr gut aufgehoben und komme gerne immer wieder!!!""";;
"Augenklinik Dr. Hoffmann,0, 4Â Sterne ,vor 9 Monaten,GefÃ¤llt mir,""Ich gehe mit meinen meinen beiden Kindern regelmÃ¤ÃŸig in die Augenklinik, wir sind sehr zufrieden. Wir werden immer nett behandelt.""";;
"Augenklinik Dr. Hoffmann,0, 4Â Sterne ,vor 10 Monaten,GefÃ¤llt mir,""War heute mit meiner Frau da und war total beeindruckt von der Freundlichkeit und der Umsicht der Assistentinnen, trotz der vielen Patienten im Haus und in der langen Schlange vor dem Haus. UnverstÃ¤ndlich daÃŸ es immer noch Unverbesserliche gibt die sich beschweren.""";;
"Augenklinik Dr. Hoffmann,0, 5Â Sterne ,vor 9 Monaten,1,""Eine Augenklinik mit modernster Ausstattung, freundlichem Personal und familiÃ¤rer AtmosphÃ¤re.""";;
"Augenklinik Dr. Hoffmann,0, 5Â Sterne ,vor 9 Monaten,GefÃ¤llt mir,""Sehr gut Klinik mit einem tollen Team! Auf jeden Fall, immer hin.""";;
Augenklinik Dr. Hoffmann,0, 5Â Sterne ,vor 9 Monaten,GefÃ¤llt mir,Super Beratung. Habe mich sehr wohl gefÃ¼hlt!!!;;
"Augenklinik Dr. Hoffmann,0, 5Â Sterne ,vor 9 Monaten,GefÃ¤llt mir,""Nettes und freundliches Personal, vor allem in der Sehschule.Meine Tochter fÃ¼hlte sich super aufgehoben und ich als Mutter auch.""";;
"Augenklinik Dr. Hoffmann,0, 5Â Sterne ,vor 8 Monaten,GefÃ¤llt mir,""Wunderbare Klinik, jeder ist sehr freundlich, sehr beliebt!""";;
"Augenklinik Dr. Hoffmann,0, 5Â Sterne ,vor einem Jahr,GefÃ¤llt mir,""Ich hatte einen kleinen Eingriff auf dem Augenlid, wovor ich ziemliche Angst hatte. Es wurde schnell und kompetent entfernt,  das gesamte Personal war sehr nett und ich habe mich sehr gut aufgehoben gefÃ¼hlt. Keine Komplikationen im Anschluss.  Kann ich nur weiter empfehlen.""";;
Augenklinik Dr. Hoffmann,0, 5Â Sterne ,vor 8 Monaten,GefÃ¤llt mir,Sehr netter Kontak und kompetente Beratung.;;
Augenklinik Dr. Hoffmann,0, 1Â Stern ,vor 7 Monaten,GefÃ¤llt mir,Schlechteste Klinik die ich je gesehen habe;;
Augenklinik Dr. Hoffmann,0, 5Â Sterne ,vor 8 Monaten,GefÃ¤llt mir,Nette und kompetente Angestellte! Sehr zu empfehlen;;
Augenklinik Dr. Hoffmann,0, 5Â Sterne ,vor einem Jahr,1,Mein Sohn und ich kÃ¶nnen uns nicht beschweren. Am Empfang war eine sehr nette Dame. Auch beim ersten Sehtest war eine sehr freundliche und kinderliebe Frau. Und auch die Ã„rztin hat uns super aufgeklÃ¤rt und hat alles kindgerecht mit meinem Sohn gemacht. Wir hatten einen Termin und insgesamt waren wir 50 Minuten dort (inklusive 1. Sehtest und Behandlung mit 2. Sehtest). Wir kommen wieder und fÃ¼hlen uns gut aufgehoben.;;
Augenklinik Dr. Hoffmann,0, 5Â Sterne ,vor 10 Monaten,GefÃ¤llt mir,Super kompetent! Super schnell und auch noch nett!!;;
Augenklinik Dr. Hoffmann,0, 5Â Sterne ,vor 8 Monaten,1,Die offene Sprechstunde ist wirklich ein gutes Angebot;;
"Augenklinik Dr. Hoffmann,0, 5Â Sterne ,vor einem Jahr,GefÃ¤llt mir,""Ich war heute morgen da , sehr nett Wartezeit normal 1,5 Std kann man ohne Termin hin gehen. Alles gut kann nur weiter empfehlen.""";;
"Augenklinik Dr. Hoffmann,0, 5Â Sterne ,vor einem Jahr,GefÃ¤llt mir,""Sehr freundliches Personal.";;
DafÃ¼r das wir keinen Termin hatten waren wir nach 30 min wieder drauÃŸen!!;;
Der Arzt war sehr freundlich und erklÃ¤rte alles auch sehr Kind gerecht!!!!;;
"Vielen Dank""";;
"Augenklinik Dr. Hoffmann,0, 5Â Sterne ,vor 2 Jahren,1,""Sehr freundliches und vorallem kompetentes Personal.";;
Ich musste nicht lange warten und das Wartezimmer und die Ausstattung der Klinik waren super. Ich fÃ¼hle mich hier sehr gut aufgehoben und kann die Augenklinik wÃ¤rmstens empfehlen.;;
"Vielen Dank an das ganze Team""";;
"Augenklinik Dr. Hoffmann,0, 5Â Sterne ,vor 2 Jahren,5,""Ich hatte vor 4 Wochen eine OP unter Vollnarkose und einen Aufenthalt von 4 Tagen in der Klinik. Die Klinik kann ich nur weiterempfehlen. Alle Ã„rzte sind sehr kompetent, freundlich und nehmen sich Zeit. Auch die Schwestern sind sehr freundlich und haben immer ein offenes Ohr. Das Zimmer war sehr schÃ¶n und die Verpflegung war hervorragend. Hier fÃ¼hlt man sich als Mensch und nicht als eine Nummer. Ich kann diese negativen Bewertungen nicht nachvollziehen. Vielen Dank an das ganze Team.""";;
Augenklinik Dr. Hoffmann,0, 5Â Sterne ,vor einem Jahr,GefÃ¤llt mir,Sehr kompetentes Team. War mit einem Kleinkind als Notfall da und wurden umgehend versorgt. Mit ganz viel Geduld und MÃ¼he.;;
"Augenklinik Dr. Hoffmann,0, 5Â Sterne ,vor einem Jahr,2,""Frisch renovierte Zimmer, top Personal, sehr freundlich zu meinem Sohn. Ihm wurden zum ersten mal die Augen getropft und das erste mal auch die Augen untersucht. Es hat alles etwas lÃ¤nger gedauert, mit erklÃ¤ren was gemacht wird und so. Einfach ist das auch nicht die Zahlen und Ziffern zu erkennen, vor allem beim ersten Mal. Ich war sehr froh das sich Zeit genommmen wurde, beim ersten Mal Augenarzt finde ich das sehr wichtig.""";;
"Augenklinik Dr. Hoffmann,0, 1Â Stern ,vor 2 Jahren,8,""Selten so unfreundliche und inkompetente Telefonistinnen bzw. Sprechstundenhilfen? am Telefon gehabt. Wir wÃ¼rden gerne auch keinen Stern geben, aber....Wissen eigentlich die Chefs, wen sie da auf die Patienten loslassen? Beschwerden hatten wir darÃ¼ber schon genug.""";;
"Augenklinik Dr. Hoffmann,0, 4Â Sterne ,vor einem Jahr,GefÃ¤llt mir,""Nach 2 Augen OP's und mehrfachen Aufenthalten gebe ich fÃ¼r das Ergebnis der OP 5 Sterne, das Personal auf der Station war sehr umsichtig und das Zimmer und Essen haben auch 5 Sterne verdient.";;
"Leider waren weder ein Radio noch ein Fernseher auf dem Zimmer und W-lan  ging auch nicht. Ausserdem gibt es keinen Ã¶ffentlichen Fahrstuhl....Darum gebe ich 3Sterne.""";;
Augenklinik Dr. Hoffmann,0, 5Â Sterne ,vor einem Jahr,GefÃ¤llt mir,Ich war ohne Termin zur offenen Sprechstunde da. Sehr nettes Personal und schnelle Behandlung. Nach 90 Minuten war ich wieder drauÃŸen.;;
"Augenklinik Dr. Hoffmann,0, 5Â Sterne ,vor 2 Jahren,1,""Sehr nettes Personal!!! Ich kam sofort dran mit meinem 1,5 Jahre alten Sohn! Dennoch muss ich sagen, Wer denkt, dass man bei einem Facharzt keine Wartezeiten hat ist vÃ¶llig fern der RealitÃ¤t!!! Wir waren auch schon in Hi und da habe ich 3h mit meinem Sohn gewartet!!! Das ist normal! Die Ã„rztin und das Personal in BS hier, haben sich super bemÃ¼ht und waren stets freundlich! Sehr kompetentes Team!""";;
"Augenklinik Dr. Hoffmann,0, 5Â Sterne ,vor einem Jahr,5,""Wir haben heute unsere letzte Nacht in der Augenklinik und haben noch nie erlebt, dass sich so toll gekÃ¼mmert wÃ¼rde. Meine 6 jÃ¤hrige Tochter hatte eine Schieloperation bei Dr. Weigmann.";;
Ausnahmslos alle hier sind lieb und nett. Keine strahlt Stress UnverstÃ¤ndnis oder Zeitdruck aus.;;
Vor den MÃ¤dels an der Anmeldung ziehe ich meinen Hut! Absolute Hochachtung fÃ¼r das was sie dort Leisten und auch von Patienten Ertragen mÃ¼ssen. NatÃ¼rlich sind die Wartezeiten abartig lang fÃ¼r alle die ohne Termin kommen, es ist nunmal  auch eine Notfallklinik. Aber mit Termin und gerade auch fÃ¼r Kinder werden die Wartezeiten wirklich sehr kurz gehalten. Zum Thema ParkplÃ¤tze- parallel zur WolfenbÃ¼tteler StraÃŸe, also auf der RÃ¼ckseite zur Klinik, befindet sich u.a. ein Tennisplatz - dort kann man kostenlos parken, oder auch ca 100m weiter Richtung Innenstadt befinden sich die ersten ParkplÃ¤tze ohne Parkscheibe. Wenn man also zeitig genug los fÃ¤hrt, findet man einen Parkplatz zwar etwas mÃ¼hsam aber es gibt sie.;;
Die Zimmer sind alle super modern! Die Badezimmer wie im Urlaub. Ein fehlender Fernseher im Zimmer ist zu verschmerzen, wenn man berÃ¼cksichtigt das fÃ¼r stationÃ¤re Geschichten Fernsehen eh suboptimal fÃ¼r die Augen ist. Ein Fernseher mit den Ã¶ffentlich rechtlichen Sendern befindet sich aber in der 2. Etage im Wartezimmer. Zum Essen- es ist wirklich gut gekocht. FÃ¼r meine Tochter gab es sogar extra Nudeln und stÃ¤ndig gab es GummibÃ¤rchen zur Freude des Kindes. Die Schwestern und Angestellten waren sehr bemÃ¼ht und fragten oft nach BedÃ¼rfnissen. Total lieb. Die Ã„rzte sind durchweg sehr kompetent, einfÃ¼hlsam und wissen was sie tuen. Wenn man sich also mit Zeit und etwas VerstÃ¤ndnis fÃ¼r NotfÃ¤lle und Helferinnen in die Klinik begibt, fÃ¼hlt man sich dort MEGAâ€”wohl.;;
Wie es in den Wald rein ruft.... wir sind halt alles bloÃŸ Menschen.;;
"Jessica Bahn mit Emilia""";;
"Augenklinik Dr. Hoffmann,0, 5Â Sterne ,vor 3 Jahren,2,""Ich habe mich sehr gut aufgehoben gefÃ¼hlt bei meiner Augen OP!";;
Keine Wartezeit, alle waren freundlich und kamen kompetent rÃ¼ber.;;
"Und das Wichtigste: auch meine AugenÃ¤rztin war vom Ergebnis Ã¼berzeugt!""";;
"Augenklinik Dr. Hoffmann,0, 4Â Sterne ,vor 4 Jahren,6,""Ich bin sehr zufrieden ,das Personal sehr nett und die Ã„rzte haben sich auch sehr viel Zeit genommen .Ich verstehe die schlechten Bewertungen  gar nicht ,aber wie es in den Wald schallt so kommt das Echo zurÃ¼ck.""";;
Augenklinik Dr. Hoffmann,0, 4Â Sterne ,vor 4 Jahren,4,Am14.03.16 Wurde bei mir eine Hornhaut Transplantation am linken Auge durchgefÃ¼hrt .Alle Voruntersuchungen sowie die Operation fanden meine vollste Zufriedenheit DerArzt sowie das gesamte Team sind einfach Spitze!!! Herzlichen Dank fÃ¼r Ihre erbrachte Leitung;;
"Augenklinik Dr. Hoffmann,0, 5Â Sterne ,vor 3 Jahren,8,""Ich wurde vor einer Woche in der Augenklinik Dr. Hoffmann am Auge unter Vollnarkose operiert. Abgesehen davon, dass ich mit dem Ergebnis sehr zufrieden bin, muss ich unbedingt ein paar Worte darÃ¼ber verlieren, wie ich meinen Aufenthalt (drei NÃ¤chte) in der Klinik wahrgenommen habe.";;
;;
Es liegt wohl eher fern, einen Aufenthalt in einer Klinik als angenehm zu bezeichnen. Aber tatsÃ¤chlich gestalteten sich diese drei Tage fÃ¼r mich den UmstÃ¤nden entsprechend sehr positiv. Lobend hervorheben mÃ¶chte ich diesbezÃ¼glich gerne die Untersuchungen/GesprÃ¤che von/mit Dr. Weigmann, der sich sehr viel Zeit fÃ¼r mich nahm und meine Fragen geduldig und zufriedenstellend beantwortete.;;
Das mulmige GefÃ¼hl direkt vor der OP konnte mir genommen werden, da mir jeder Schritt ruhig erklÃ¤rt und sich immer wieder nach meinem Befinden erkundigt wurde, bis ich dann eingeschlafen war.;;
;;
Ebenso lobende Worte mÃ¶chte ich fÃ¼r alle Krankenschwestern und das KÃ¼chenpersonal (ich muss mich glutenfrei ernÃ¤hren) Ã¤uÃŸern, die zu jeder Zeit sehr freundlich und aufmerksam ihrer Arbeit nachgingen.;;
;;
Letztendlich habe ich mich immer gut aufgehoben gefÃ¼hlt.;;
;;
"Vielen Dank! :)""";;
"Augenklinik Dr. Hoffmann,0, 1Â Stern ,vor einem Monat,7,""Sowas ist ja wohl frech sondergleichen. ich war im Krankenhaus und der behandelnde Arzt sagt mir bitte sofort in die Augenklinik fahren.  Nach Anruf in der Klinik teilt man mit: Ach das ist ja nicht schlimm das sie was im Auge haben. Sie kÃ¶nnen ja morgen zum Augenarzt gehen.";;
Ohne Worte.;;
;;
Daraufhin rief ich bei der MHH an. Diese sagten, sofort vorbei kommen.;;
Fazit: 1 Metallsplitter der hochkant in der Hornhaut steckte. Danke an die nette Ã„rztin die mir die Splitter nachts aus dem Auge entfernte und mir  Salbe mitgegeben hat.;;
;;
Ich wÃ¼rde die Augenklinik in Braunschweig kÃ¼nftig meiden!;;
Freches Personal bei denen die Nachtruhe wohl wichtiger ist anstatt jemand zu helfen.;;
;;
An den Herrn Anwalt:;;
Ich werde meine Bewertung weder zurÃ¼ck nehmen noch lÃ¶schen, da ich gegen kein Recht Deutsches Recht verstoÃŸen habe. Sollten Sie als Anwalt wissen das in Deutschland die Meinungsfreiheit im Gesetz verankert ist.;;
;;
Tut mir Leid, wenn ihr Mandant nicht mit Kritik umgehen kann.;;
;;
Letzte Antwort:;;
kommen Sie sich nicht lÃ¤cherlich vor, nun zu behaupten ich hÃ¤tte in einer anderen Klinik angerufen?;;
"Ist ja auch verwunderlich das Ihnen eine 1 Stern Bewertung erst nach Ã¼ber 1 Jahr ins Auge sticht. FÃ¼r besseren Durchblick empfehle ich die MHH""";;
"Augenklinik Dr. Hoffmann,0, 4Â Sterne ,vor 4 Jahren,3,""Ich denke, hier wird zu unrecht auf der Wartezeit rumgehackt. Es ist eindeutig besser geworden. Das Personal ist ebenfalls bemerkenswert freundlich.""";;
"Augenklinik Dr. Hoffmann,0, 1Â Stern ,vor 4 Jahren,14,""Wer in diese Klinik geht ist wirklich selber Schuld.";;
Es geht mit dem mehr als inkompetenten und vor allem rotzfrechen Empfangspersonal los.;;
Ich habe selten erlebt, dass man als Patient behandelt wird wie ein Volldepp.;;
Die Sprechstunden zu den Untersuchungen mit den Augentropfen sind ohne Termin. Man darf da also um 7 auf der Matte stehen und wenn man GlÃ¼ck hat, kommt man am gleichen tag auch dran..;;
FÃ¼r Arbeitslose und Kinder die nicht zur Schule mÃ¼ssen sicher praktisch.;;
Man verweigerte mir ein Rezept, weil die Dame am Telefon leider mit Ihrem eigenen System im Computer nicht umgehen konnte und der Meinung war, wir wÃ¤ren mit unserem Sohn Ã¼ber ein Jahr nicht zur Kontrolle da gewesen.;;
Da muss man sich als Patient seine eigene Datenpflege also besonders zu Herzen nehmen.;;
"Die Kompetenz der Ã„rzte mÃ¶chte ich hier nicht mal in Frage stellen. Aber bei so einem Empfangspersonal gehe ich den Schritt bis in die Praxis gar nicht erst.""";;
Augenklinik Dr. Hoffmann,0, 5Â Sterne ,vor 4 Jahren,8,So zahlreiche Patienten..ich selber bin betroffen von einer Augenerkrankung..und so fleissige Ã„rzte..und Personal..also ehrlich..das verdient Hochachtung..und echte WertschÃ¤tzung.Vielen Dank fÃ¼r die sehr gute Behandlung!!!..Doris Foitzik.;;
Augenklinik Dr. Hoffmann,0, 4Â Sterne ,vor 3 Jahren,1,Ich habe nur gute Erfahrungen machen kÃ¶nnen. Leider wurde der Klinik die Notfallsprechstunde zu gunsten einer stÃ¤dtischen Einrichtung genommen.;;
"Augenklinik Dr. Hoffmann,0, 5Â Sterne ,vor 4 Jahren,3,""Am 4.4.2016 Op. Hornhauttransplantation li. Auge. Alles okay. Danke Dr. Genee, danke an alle - Ã„rzte u. Ã„rztinnen und das gesamte Personal. 5 Sterne sind nicht genug!!! DANKE!""";;
Augenklinik Dr. Hoffmann,0, 1Â Stern ,vor einem Jahr,1,Zu lange Wartezeiten.;;
Augenklinik Dr. Hoffmann,0, 5Â Sterne ,vor 2 Jahren,GefÃ¤llt mir,sehr feundlich!;;
Augenklinik Dr. Hoffmann,0, 5Â Sterne ,vor 2 Jahren,GefÃ¤llt mir,Kompetent und sehr freundlich;;
"Augenklinik Dr. Hoffmann,0, 5Â Sterne ,vor 3 Jahren,GefÃ¤llt mir,""Schnelle, sehr freundliche Hilfe bei der Aufnahme und Behandlung eines Arbeitsunfalles""";;
Augenklinik Dr. Hoffmann,0, 2Â Sterne ,vor einem Jahr,0,;;
Augenklinik Dr. Hoffmann,0, 5Â Sterne ,vor 2 Jahren,0,;;
Augenklinik Dr. Hoffmann,0, 5Â Sterne ,vor 4 Jahren,0,;;
Augenklinik Dr. Hoffmann,0, 5Â Sterne ,vor 2 Wochen,0,;;
Augenklinik Dr. Hoffmann,0, 1Â Stern ,vor einem Monat,0,;;
Augenklinik Dr. Hoffmann,0, 5Â Sterne ,vor 5 Jahren,0,;;
Augenklinik Dr. Hoffmann,0, 5Â Sterne ,vor 5 Jahren,0,;;
Augenklinik Dr. Hoffmann,0, 4Â Sterne ,vor 6 Monaten,0,;;
Augenklinik Dr. Hoffmann,0, 5Â Sterne ,vor 2 Monaten,0,;;
Augenklinik Dr. Hoffmann,0, 4Â Sterne ,vor 3 Jahren,0,;;
Augenklinik Dr. Hoffmann,0, 4Â Sterne ,vor 2 Jahren,0,;;
Augenklinik Dr. Hoffmann,0, 5Â Sterne ,vor 2 Wochen,0,;;
Augenklinik Dr. Hoffmann,0, 5Â Sterne ,vor 9 Monaten,0,;;
Augenklinik Dr. Hoffmann,0, 5Â Sterne ,vor 6 Monaten,0,;;
